Mater,A,sA
Al, -0.00122098, 7.2046839e-06
Cu, -0.00249205, 3.22743849e-05
Brass, -0.00118442, 7.45246455e-06
Fe, -2.81307633e-05, 2.51595399e-06
Pb, -4.47723417e-05, 6.08686965e-06
Ti, -1.63368601e-05, 2.03800988e-06